{"metrics":{"tokens_per_call":{"count":18,"mean":1137.6111111111109,"m2":15854500.277777778,"window_values":[1493.0,386.0,1493.0,994.0,1493.0,728.0,994.0,1199.0,4640.0,598.0,1493.0,994.0,633.0,1199.0,404.0,994.0,386.0,356.0],"window_size":50}},"deviation_threshold":3.0}