{"metrics":{"tokens_per_call":{"count":35,"mean":768.9428571428573,"m2":19995851.885714285,"window_values":[18.0,165.0,61.0,666.0,1156.0,492.0,1199.0,994.0,729.0,680.0,797.0,4640.0,279.0,386.0,680.0,994.0,1199.0,36.0,242.0,666.0,994.0,1199.0,235.0,598.0,1026.0,1156.0,492.0,649.0,1199.0,994.0,521.0,407.0,404.0,649.0,311.0],"window_size":50}},"deviation_threshold":3.0}