{"metrics":{"tokens_per_call":{"count":38,"mean":641.9473684210528,"m2":5600949.894736843,"window_values":[404.0,797.0,1175.0,994.0,36.0,1199.0,155.0,729.0,666.0,1005.0,492.0,994.0,1199.0,729.0,797.0,386.0,1005.0,797.0,700.0,994.0,729.0,666.0,994.0,1199.0,231.0,404.0,797.0,994.0,1199.0,729.0,311.0,45.0,95.0,17.0,67.0,260.0,18.0,386.0],"window_size":50}},"deviation_threshold":3.0}